"Source","Target","Label"
"02231f23-4211-4324-aa4a-d7705dbd3669","2fa4c0cf-7cbb-49c4-935e-c73a5f02f6d1","8"
"51183bc9-2ac6-4d8b-8383-0d05f34dcfaf","9ab6625e-d563-4126-ad29-b106fa03964a","13"
"5eaf3589-5dd0-43f1-92a8-b2098744efb1","757081b2-c4fd-424c-b688-928147e6373e","6"
"f554d00e-9fa4-4ad0-969f-7033969490d7","1755d2a9-21da-4124-9c8b-0e30fca9dea3","10"
"045f864a-e88b-46a7-a98d-5f8689086949","5eaf3589-5dd0-43f1-92a8-b2098744efb1","5"
"757081b2-c4fd-424c-b688-928147e6373e","02231f23-4211-4324-aa4a-d7705dbd3669","7"
"1755d2a9-21da-4124-9c8b-0e30fca9dea3","189ddd79-984e-46a4-a74f-ff4146bedcbb","11"
"2153670e-fed5-41b3-a620-1e832f00f5e5","2153670e-fed5-41b3-a620-1e832f00f5e5","3"
"2153670e-fed5-41b3-a620-1e832f00f5e5","045f864a-e88b-46a7-a98d-5f8689086949","4"
"8c2cb472-be30-4fdf-ba26-41292eb3b85d","2153670e-fed5-41b3-a620-1e832f00f5e5","3"
"2fa4c0cf-7cbb-49c4-935e-c73a5f02f6d1","f554d00e-9fa4-4ad0-969f-7033969490d7","9"
"189ddd79-984e-46a4-a74f-ff4146bedcbb","51183bc9-2ac6-4d8b-8383-0d05f34dcfaf","12"
"9ab6625e-d563-4126-ad29-b106fa03964a","892a6d51-4cd8-473a-be5c-87d3dee8f14d","14"
